Nom,Description,Image
Assiette,Assiette pour poser les saucisses,assiette1.png
Assiette,Assiette pour poser les saucisses,assiette1.png
Assiette,Assiette pour poser les saucisses,assiette2.png
Assiette,Assiette pour poser les saucisses,assiette2.png
Feu,Feu pour faire cuire la saucisse,feu4.png
Feu,Feu pour faire cuire la saucisse,feu4.png
Feu,Feu pour faire cuire la saucisse,feu4.png
Feu,Feu pour faire cuire la saucisse,feu4.png
Feu,Feu pour faire cuire la saucisse,feu4.png
Feu,Feu pour faire cuire la saucisse,feu4.png
Feu,Feu pour faire cuire la saucisse,feu4.png
Feu,Feu pour faire cuire la saucisse,feu4.png
Feu,Feu pour faire cuire la saucisse,feu4.png
Feu,Feu pour faire cuire la saucisse,feu4.png
Feu,Feu pour faire cuire la saucisse,feu4.png
Feu,Feu pour faire cuire la saucisse,feu4.png
Casserole,Casserole pour faire cuire une saucisse,casserole.png
Casserole,Casserole pour faire cuire une saucisse,casserole.png
Casserole,Casserole pour faire cuire une saucisse,casserole.png
Casserole,Casserole pour faire cuire une saucisse,casserole.png
Casserole,Casserole pour faire cuire une saucisse,casserole.png
Casserole,Casserole pour faire cuire une saucisse,casserole.png
Casserole,Casserole pour faire cuire une saucisse,casserole.png
Casserole,Casserole pour faire cuire une saucisse,casserole.png
Casserole,Casserole pour faire cuire une saucisse,casserole.png
Casserole,Casserole pour faire cuire une saucisse,casserole.png
Fourchette,Pique une saucisse ou une mergez dans l'assiette de ton voisin,fourchette.png
Fourchette,Pique une saucisse ou une mergez dans l'assiette de ton voisin,fourchette.png
Fourchette,Pique une saucisse ou une mergez dans l'assiette de ton voisin,fourchette.png
Fourchette,Pique une saucisse ou une mergez dans l'assiette de ton voisin,fourchette.png
Fourchette,Pique une saucisse ou une mergez dans l'assiette de ton voisin,fourchette.png
Fourchette,Pique une saucisse ou une mergez dans l'assiette de ton voisin,fourchette.png
Fourchette,Pique une saucisse ou une mergez dans l'assiette de ton voisin,fourchette.png
Fourchette,Pique une saucisse ou une mergez dans l'assiette de ton voisin,fourchette.png
Miam,Mange les saucisses dans ton assiette,miam.png
Miam,Mange les saucisses dans ton assiette,miam.png
Miam,Mange les saucisses dans ton assiette,miam.png
Miam,Mange les saucisses dans ton assiette,miam.png
Miam,Mange les saucisses dans ton assiette,miam.png
Miam,Mange les saucisses dans ton assiette,miam.png
Miam,Mange les saucisses dans ton assiette,miam.png
Miam,Mange les saucisses dans ton assiette,miam.png
Merguez,Mergez a cuire,mergez.png
Merguez,Mergez a cuire,mergez.png
Merguez,Mergez a cuire,mergez.png
Merguez,Mergez a cuire,mergez.png
Merguez,Mergez a cuire,mergez2.png
Merguez,Mergez a cuire,mergez2.png
Merguez,Mergez a cuire,mergez2.png
Merguez,Mergez a cuire,mergez2.png
Saucisse,Saucisse a cuire,saucisse.png
Saucisse,Saucisse a cuire,saucisse.png
Saucisse,Saucisse a cuire,saucisse.png
Saucisse,Saucisse a cuire,saucisse.png
Saucisse,Saucisse a cuire,saucisse.png
Saucisse,Saucisse a cuire,saucisse.png
Saucisse,Saucisse a cuire,saucisse.png
Saucisse,Saucisse a cuire,saucisse.png